{
  "beta_size": 0.27640729140060216,
  "model_params": {
    "Intercept": 7.939519074441705,
    "C(shadow_peer_cluster)[T.1]": 0.09425123293669913,
    "C(shadow_peer_cluster)[T.2]": 0.05966059061172757,
    "C(shadow_peer_cluster)[T.3]": 0.050085828064084126,
    "C(shadow_peer_cluster)[T.4]": 0.1649261614771831,
    "C(shadow_peer_cluster)[T.5]": 0.01932732767434686,
    "C(shadow_peer_cluster)[T.6]": 0.16025251215904746,
    "C(year)[T.2007]": 0.07716143978862533,
    "C(year)[T.2008]": -0.05466764745320063,
    "C(year)[T.2009]": -0.19319239991338577,
    "C(year)[T.2010]": 0.10779714037627741,
    "C(year)[T.2011]": 0.062432461887809154,
    "C(year)[T.2012]": 0.051193871348087616,
    "C(year)[T.2013]": 0.0787616499873991,
    "C(year)[T.2014]": 0.07213670938476113,
    "C(year)[T.2015]": 0.16757940034158025,
    "C(year)[T.2016]": 0.11884078527801023,
    "C(year)[T.2017]": 0.12614388559777012,
    "C(year)[T.2018]": 0.10299948758036237,
    "C(year)[T.2019]": 0.06146964436430835,
    "C(year)[T.2020]": 0.16151360307959806,
    "C(year)[T.2021]": 0.19743161520610164,
    "log_size": 0.27640729140060216,
    "roa": 0.9114588273280333,
    "gear": -0.008122757208582243
  },
  "latest_year": 2021,
  "scaler_mean": [
    0.0,
    0.0,
    0.0,
    0.0,
    0.0,
    0.0,
    0.0
  ],
  "scaler_scale": [
    2.365382075804515,
    0.6155546321552476,
    2.253460086224276,
    2.206933291725857,
    2.25346002853707,
    0.046099999999999995,
    0.8613000000000001
  ],
  "kmeans_centroids": [
    [
      0.8674218712632674,
      0.3053215527714119,
      0.9666718423028702,
      -0.4383349038788526,
      0.9666718636297009,
      -0.27483731019522784,
      1.163052943225357
    ],
    [
      -0.19676896346386816,
      0.28063380762792933,
      -0.20672435781799975,
      -0.8448103994337981,
      -0.20672435677555986,
      0.0757144955967885,
      0.2439266503011523
    ],
    [
      0.028918669062485122,
      0.42244138122950764,
      0.12531602966142108,
      -0.827799962083129,
      0.12531603157730115,
      -0.06516183071669429,
      -0.11456260568585593
    ],
    [
      -0.5194369508457415,
      -0.7204722077283509,
      -1.2114521924411332,
      -1.429088081555236,
      -1.2114261537282427,
      0.5210868820641626,
      0.19360208253130212
    ],
    [
      -0.5163219328201882,
      0.053643324010776844,
      -0.607380079933667,
      -1.253183249596596,
      -0.6073800346389187,
      0.3284621532138372,
      0.06382362924187707
    ],
    [
      1.3671912107511681,
      -0.15486366763839327,
      1.371524503733341,
      0.42492346978646167,
      1.3715245353818772,
      -0.20396773582124136,
      0.9637632885038308
    ],
    [
      0.4325701573194796,
      0.35900773023821897,
      0.511405481608415,
      -0.22189543721654745,
      0.5114054916174621,
      0.1285279091544871,
      0.039718839040489715
    ]
  ],
  "centroid_labels": [
    0,
    1,
    2,
    3,
    4,
    5,
    6
  ],
  "cluster_medians_2024": {
    "0": 3306026.70017538,
    "1": 1518592.8210073612,
    "2": 2193774.359642834,
    "3": 1209634.5073853065,
    "4": 1313362.0916432375,
    "5": 3405321.688500728,
    "6": 2746247.40655314
  },
  "diagnostics": {
    "pseudo_r2": 0.30809227154388774,
    "size_beta": 0.27640729140060216,
    "size_se": 0.042076512914232304,
    "size_tstat": 6.569158712463263,
    "size_pvalue": 7.681750423215142e-11,
    "roa_beta": 0.9114588273280333,
    "n_obs": 1163
  }
}