{
  "beta_size": 0.41306029504733033,
  "model_params": {
    "Intercept": 3.479921367296811,
    "C(shadow_peer_cluster)[T.1]": 0.14381702892171688,
    "C(shadow_peer_cluster)[T.2]": 0.07586295342230187,
    "C(shadow_peer_cluster)[T.3]": 0.06225515368203105,
    "C(shadow_peer_cluster)[T.4]": 0.07439083007932368,
    "C(shadow_peer_cluster)[T.5]": 0.0314439618063318,
    "C(shadow_peer_cluster)[T.6]": -0.09560825412108898,
    "C(year)[T.2007]": -0.057321950734888105,
    "C(year)[T.2008]": -0.16374645086466444,
    "C(year)[T.2009]": -0.2160917996273497,
    "C(year)[T.2010]": 0.04464754680157057,
    "C(year)[T.2011]": 0.0777562217308514,
    "C(year)[T.2012]": 0.038366337778093396,
    "C(year)[T.2013]": 0.07222212499098646,
    "C(year)[T.2014]": 0.10324808164381949,
    "C(year)[T.2015]": 0.11155152567545201,
    "C(year)[T.2016]": 0.19128592680408474,
    "C(year)[T.2017]": 0.111440863884809,
    "C(year)[T.2018]": 0.10684813268753146,
    "C(year)[T.2019]": 0.13354047269996983,
    "C(year)[T.2020]": 0.10182861405240828,
    "C(year)[T.2021]": 0.29654207999021764,
    "log_size": 0.41306029504733033,
    "roa": 1.3405100187095513,
    "gear": -0.03458599705670906
  },
  "latest_year": 2021,
  "scaler_mean": [
    0.0,
    0.0,
    0.0,
    0.0,
    0.0,
    0.0,
    0.0
  ],
  "scaler_scale": [
    2.3443278694473566,
    0.6316114543604266,
    2.2271510844578124,
    2.309625271127782,
    2.227151084457752,
    0.04547499999999999,
    0.850275
  ],
  "kmeans_centroids": [
    [
      -0.11722457880835364,
      0.3604059390692083,
      -0.06248986096389559,
      -0.08256985103592403,
      -0.062489860963895694,
      0.005322445663782519,
      0.09146385199093521
    ],
    [
      1.315514841386806,
      -0.05277430004123328,
      1.3499710329026655,
      1.1963099256135674,
      1.349971032902698,
      -0.1963628367234745,
      0.9908972979330217
    ],
    [
      -0.5975984654595684,
      -0.3945397273307988,
      -0.9938900027815977,
      -1.06527368431349,
      -0.9938900027812382,
      0.9216429183444029,
      0.16063059619556055
    ],
    [
      0.34820052830514164,
      0.3383606677825962,
      0.42089812621049816,
      0.3362442004808009,
      0.42089812621050626,
      0.10365379632029029,
      -0.060073334657082235
    ],
    [
      -0.26757335944467625,
      -1.158063143604265,
      -1.7283588849866152,
      -1.5468669286068297,
      -1.728358884880161,
      -0.7130101799018029,
      -0.2068296362535852
    ],
    [
      -0.4209584784894932,
      0.10357614011566382,
      -0.49667476339739064,
      -0.5471369073019564,
      -0.4966747633973699,
      0.17445166916266996,
      0.12593592945081672
    ],
    [
      0.7806923282443955,
      0.324601346657099,
      0.8881914366890531,
      0.8348450209324164,
      0.8881914366890732,
      -0.28442464049072663,
      1.0840032662291406
    ]
  ],
  "centroid_labels": [
    0,
    1,
    2,
    3,
    4,
    5,
    6
  ],
  "cluster_medians_2024": {
    "0": 7926000.0,
    "1": 29879815.0,
    "2": 5037118.0,
    "3": 12869685.0,
    "4": 2440000.0,
    "5": 5853000.0,
    "6": 20789000.0
  },
  "diagnostics": {
    "pseudo_r2": 0.3944715237004046,
    "size_beta": 0.41306029504733033,
    "size_se": 0.04837768052398742,
    "size_tstat": 8.53824099405758,
    "size_pvalue": 4.3541282591310186e-17,
    "roa_beta": 1.3405100187095513,
    "n_obs": 1152
  }
}