{
  "beta_size": 0.302474311390327,
  "model_params": {
    "Intercept": 7.195294456101692,
    "C(shadow_peer_cluster)[T.1]": -0.01575895678919892,
    "C(shadow_peer_cluster)[T.2]": 0.016796463541254525,
    "C(shadow_peer_cluster)[T.3]": -0.014097540618877247,
    "log_size": 0.302474311390327,
    "roa": 1.5620009043996106
  },
  "scaler_mean": [
    1.1337214807773277,
    0.09248393624887122,
    1.2010384036613369
  ],
  "scaler_scale": [
    0.7663906514982157,
    0.04668008696080601,
    0.5879398405134812
  ],
  "kmeans_centroids": [
    [
      -0.4154944066728828,
      1.176770280371767,
      0.17222495568153387
    ],
    [
      -0.3945063151460591,
      -0.6788690137088359,
      0.8670169774436465
    ],
    [
      2.059541890445171,
      0.22044490179991233,
      0.13879438525072402
    ],
    [
      -0.3727544014730952,
      -0.4613109615436765,
      -0.8987075855734481
    ]
  ],
  "cluster_medians_2024": {
    "0": 1750207.7001854472,
    "1": 1585212.9284116356,
    "2": 1244572.9132577335,
    "3": 1417897.5689110537
  },
  "diagnostics": {
    "pseudo_r2": 0.4587766435949725,
    "size_beta": 0.302474311390327,
    "size_se": 0.015064890699910618,
    "size_tstat": 20.078095315495492,
    "size_pvalue": 4.6260360639142336e-57
  }
}