{
  "beta_size": 0.45591877708147877,
  "model_params": {
    "Intercept": 2.237429650309423,
    "C(shadow_peer_cluster)[T.1]": -0.014801059779983916,
    "C(shadow_peer_cluster)[T.2]": 0.1656595381543866,
    "C(shadow_peer_cluster)[T.3]": 0.04992892714454911,
    "C(shadow_peer_cluster)[T.4]": 0.17404831728288173,
    "C(shadow_peer_cluster)[T.5]": 0.08313261090040669,
    "C(shadow_peer_cluster)[T.6]": -0.14806319660743839,
    "log_size": 0.45591877708147877,
    "roa": 1.5373100710123708
  },
  "latest_year": 2021,
  "scaler_mean": [
    0.0,
    0.0,
    0.0,
    0.0,
    0.0,
    0.0,
    0.0
  ],
  "scaler_scale": [
    2.3443278694473566,
    0.6316114543604266,
    2.2271510844578124,
    2.309625271127782,
    2.227151084457752,
    0.04547499999999999,
    0.850275
  ],
  "kmeans_centroids": [
    [
      -0.11722457880835364,
      0.3604059390692083,
      -0.06248986096389559,
      -0.08256985103592403,
      -0.062489860963895694,
      0.005322445663782519,
      0.09146385199093521
    ],
    [
      1.315514841386806,
      -0.05277430004123328,
      1.3499710329026655,
      1.1963099256135674,
      1.349971032902698,
      -0.1963628367234745,
      0.9908972979330217
    ],
    [
      -0.5975984654595684,
      -0.3945397273307988,
      -0.9938900027815977,
      -1.06527368431349,
      -0.9938900027812382,
      0.9216429183444029,
      0.16063059619556055
    ],
    [
      0.34820052830514164,
      0.3383606677825962,
      0.42089812621049816,
      0.3362442004808009,
      0.42089812621050626,
      0.10365379632029029,
      -0.060073334657082235
    ],
    [
      -0.26757335944467625,
      -1.158063143604265,
      -1.7283588849866152,
      -1.5468669286068297,
      -1.728358884880161,
      -0.7130101799018029,
      -0.2068296362535852
    ],
    [
      -0.4209584784894932,
      0.10357614011566382,
      -0.49667476339739064,
      -0.5471369073019564,
      -0.4966747633973699,
      0.17445166916266996,
      0.12593592945081672
    ],
    [
      0.7806923282443955,
      0.324601346657099,
      0.8881914366890531,
      0.8348450209324164,
      0.8881914366890732,
      -0.28442464049072663,
      1.0840032662291406
    ]
  ],
  "centroid_labels": [
    0,
    1,
    2,
    3,
    4,
    5,
    6
  ],
  "cluster_medians_2024": {
    "0": 7926000.0,
    "1": 29879815.0,
    "2": 5037118.0,
    "3": 12869685.0,
    "4": 2440000.0,
    "5": 5853000.0,
    "6": 20789000.0
  },
  "diagnostics": {
    "pseudo_r2": 0.37592707920641333,
    "size_beta": 0.45591877708147877,
    "size_se": 0.05189570814067037,
    "size_tstat": 8.785288676390135,
    "size_pvalue": 5.606972032734701e-18,
    "roa_beta": 1.5373100710123708,
    "n_obs": 1152
  }
}